Name,Slug,Collection ID,Item ID,Created On,Updated On,Published On,Даты выставки,Сегодня в музее,Обложка,Превью,Короткое описание,Описание
П. И. ЧАЙКОВСКИЙ. СИМФОНИЯ «ЖИЗНЬ» постоянная экспозиция,chaykovskiy-simfoniya-zhizn-k-180-letiyu-so-dnya-rozhdeniya-kompozitora,63e65446fdf813edceb675fe,640af92dd086fd19139d0af6,Fri Mar 10 2023 09:32:29 GMT+0000 (Coordinated Universal Time),Thu Mar 14 2024 11:14:36 GMT+0000 (Coordinated Universal Time),Thu Mar 14 2024 11:14:36 GMT+0000 (Coordinated Universal Time),с 3 июля 2020,true,https://uploads-ssl.webflow.com/63e507244eda1ee9bb4c7ccd/65c1de95c6803882d3b6f147_%D0%A1%D0%B8%D0%BC%D1%84%D0%BE%D0%BD%D0%B8%D1%8F%20%D0%B6%D0%B8%D0%B7%D0%BD%D1%8C%202024%20(2)%20(1).jpg,https://uploads-ssl.webflow.com/63e507244eda1ee9bb4c7ccd/65ab83026a55cdd0386eb834_2.gif,Из фондов Государственного мемориального музыкального музея‑заповедника П.И. Чайковского.,"<h4 id="""">Из фондов Государственного мемориального музыкального музея‑заповедника П.И. Чайковского</h4><h4 id=""""><br>Пётр Чайковский (1840‑1893) — великий русский композитор, символ русской культуры, его музыка узнаваема и популярна во всём мире. Главный секрет его творчества в исповедальности. В своих произведениях он абсолютно честен и искренен, каждая нота о нём, и на самом деле о каждом. Жизнь Чайковского неотделима от его музыки. Основная линия выставки — жизненный путь композитора, со всеми сложными перипетиями, радостями, трагедиями, увлечениями и разочарованиями, изложенный им самим, его вещами и документами, а главное, его музыкой.</h4><h4 id="""">Впервые посетители смогут приоткрыть тайну творческой лаборатории Чайковского – увидеть все этапы рождения произведения: от наброска к партитуре. Создатели выставки постарались представить жизнь Чайковского и его творческий путь как очень личную историю, которую каждый посетитель будет переживать вместе с самим композитором.</h4><blockquote id="""">На выставке представлены уникальные экспонаты: личные вещи, фотографии, книги, документы, письма, дневники рукописи сочинений Чайковского. В создании экспозиции применены самые современные технологии, мощный мультимедийный контент, который позволит каждому посетителю еще глубже погрузиться в мир композитора и его творчества.</blockquote><p id="""">‍</p><figure id="""" class=""w-richtext-figure-type-image w-richtext-align-center"" data-rt-type=""image"" data-rt-align=""center""><div id=""""><img src=""https://uploads-ssl.webflow.com/63e507244eda1ee9bb4c7ccd/6565e1bb12f9869737173d8a_photo_5377851782979505971_y.jpg"" loading=""lazy"" width=""auto"" height=""auto"" alt="""" id=""""></div></figure><figure id="""" class=""w-richtext-figure-type-image w-richtext-align-center"" data-rt-type=""image"" data-rt-align=""center""><div id=""""><img src=""https://uploads-ssl.webflow.com/63e507244eda1ee9bb4c7ccd/6555c203453b5de7d84392ec_photo_5377851782979505970_y.jpg"" loading=""lazy"" width=""auto"" height=""auto"" alt="""" id=""""></div></figure><figure id="""" class=""w-richtext-figure-type-image w-richtext-align-center"" data-rt-type=""image"" data-rt-align=""center""><div id=""""><img src=""https://uploads-ssl.webflow.com/63e507244eda1ee9bb4c7ccd/658bda1043fa882a8ac12515_photo_5377851782979505975_y.jpg"" loading=""lazy"" width=""auto"" height=""auto"" alt="""" id=""""></div></figure>"
Елена Образцова. Жить — значит петь,elena-obrazcova-zhit----znachit-pet,63e65446fdf813edceb675fe,664740a55d18a10d896d6774,Fri May 17 2024 11:33:57 GMT+0000 (Coordinated Universal Time),Fri May 17 2024 11:34:51 GMT+0000 (Coordinated Universal Time),Fri May 17 2024 11:34:51 GMT+0000 (Coordinated Universal Time),21 мая по 12 ноября 2024,true,https://uploads-ssl.webflow.com/63e507244eda1ee9bb4c7ccd/66474081fb954217c0dc95e8__%D0%AE_-T%D0%90_-__T%D0%96_-_-_-.jpg,https://uploads-ssl.webflow.com/63e507244eda1ee9bb4c7ccd/6647194d2c946410894d7b50_rq0eTXZiizo.jpg,,"<p id="""">В 2024 году музыкальный мир отмечает 85-летие великой оперной певицы Елены Образцовой. Вся артистическая деятельность певицы — это стремительный и триумфальный путь к вершинам мастерства и международного признания.</p><p id="""">Начало творческого пути Елены Образцовой отмечено рядом блистательных побед на Всесоюзном и международных вокальных конкурсах. Выдающимися событиями признаны выступления Образцовой в крупнейших театрах и концертных залах мира, включая Ла Скала, Метрополитен-Опера, Венскую Государственную оперу. Но главную роль в жизни певицы сыграл Большой театр, где она исполнила ведущие партии меццо-сопрано в классическом русском и зарубежном репертуаре. Образцовой записано более 50 дисков на крупнейших студиях грамзаписи со знаменитыми дирижерами.</p><p id="""">Наряду с интенсивной исполнительской деятельностью Елена Образцова всегда много сил отдавала педагогической работе. С 1996 года в Петербурге действует созданный Еленой Образцовой Культурный центр, с 1999 года регулярно проводится Международный конкурс молодых оперных певцов. В 2006 году. ко «взрослому» конкурсу добавился конкурс для детей и юношества. В декабре 2011 года певицей учрежден Благотворительный фонд поддержки музыкального искусства «Фонд Елены Образцовой».</p><p id="""">Выставка предлагает посмотреть на великую певицу через призму ее театральных ролей и окружения. Представленные здесь экспонаты иллюстрируют наиболее яркие моменты творческой биографии певицы, являются свидетелями ее дружеских взаимоотношений с звездами музыкального Олимпа второй половины ХХ — начала XXI века. Важная тематическая линия выставки — связь с именем П. И. Чайковского, которая нашла отражение и в победе в IV Международном конкурсе имени П. И. Чайковского, и в исполнении партии Графини в опере «Пиковая дама», и в концертных программах, где часто звучали камерные произведения композитора. Уникальные артефакты — свидетельства выступления Елены Образцовой в концертном зале музея-заповедника П. И. Чайковского.</p><p>‍</p>"
«Иоланта» и «Щелкунчик»: неразгаданный код,iolanta-i-shchelkunchik-nerazgadannyy-kod,63e65446fdf813edceb675fe,63e79d118c0997f325aad4ac,Sat Feb 11 2023 13:50:09 GMT+0000 (Coordinated Universal Time),Thu May 25 2023 08:46:58 GMT+0000 (Coordinated Universal Time),Thu May 25 2023 08:47:02 GMT+0000 (Coordinated Universal Time),с 9 декабря по 21 мая 2023,false,https://uploads-ssl.webflow.com/63e507244eda1ee9bb4c7ccd/63e79d0e2d65538243626e82_%D0%A9%D0%B5%D0%BB%D0%BA%D1%83%D0%BD%D1%87%D0%B8%D0%BA-%D0%98%D0%BE%D0%BB%D0%B0%D0%BD%D1%82%D0%B0.webp,https://uploads-ssl.webflow.com/63e507244eda1ee9bb4c7ccd/63ece8dca4a7834ab834b570_Frame%2040245.webp,Выставка из фондов Государственного мемориального музыкального музея-заповедника П.И. Чайковского и Санкт-Петербургского государственного музея театрального и музыкального искусства.,"<h4>Выставка из фондов Государственного мемориального музыкального музея-заповедника П.И. Чайковского и Санкт-Петербургского государственного музея театрального и музыкального искусства</h4><p>‍</p><p id="""">6 (18) декабря 1892 года на сцене Императорского Мариинского театра в Санкт-Петербурге состоялась премьера сразу двух сочинений Петра Ильича Чайковского: оперы «Иоланта» и балета «Щелкунчик». Заказ на создание одноактной оперы и двухактного балета, которые должны были идти в один вечер, композитор получил двумя годами ранее от Дирекции Императорских театров.</p><blockquote id="""">«Щелкунчик», как сюжет для будущего балета, был предложен Дирекцией с подачи Мариуса Петипа. В отношении оперы история иная: сюжет «Иоланты» Чайковский выбрал сам.</blockquote><p id="""">Процесс работы над «Иолантой» и «Щелкунчиком» был для Чайковского тяжелым, порой мучительным. Он был расстроен снятием с репертуара Мариинского театра своего любимого детища – оперы «Пиковая дама». Не давали покоя и сжатые сроки: оба сочинения должны были быть готовы к сезону 1891/1892, а тут еще и запланированная концертная поездка по городам США. Перед отплытием в Америку композитор остановился в Руане в надежде поработать. Сочинение шло тяжело, ударом стало и известие о смерти его младшей сестры Александры Ильиничны. Чайковский опасался не успеть закончить произведения в срок и обратился к Директору Императорских театров Ивану Всеволожскому с просьбой перенести постановку на год.</p><p id="""">Сначала Чайковский бросил все силы на балет, который, по сути, был ему «навязан». В какой конкретно момент история «Щелкунчика» стала органичной композитору, а сочинение музыки перестало быть «иллюстрацией музыкальных пряников», сказать сложно. Но то, что, выполняя план Петипа, композитор вложил в музыку «роковые вопросы бытия», которым в том или ином виде посвящены все его произведения – безусловно. Однозначно также и то, что «Иоланта» и «Щелкунчик» сложились для Чайковского в общую идею, которую можно интерпретировать как историю о взрослении и прощании с иллюзиями. В финале оперы прозрение Иоланты открывает ей не только наполненный красками мир, но и реальную жизнь, которая может отличаться от того «доброго» мирка, в котором она пребывала до сих пор. В «Щелкунчике» пробуждение главной героини разрушает красочный сказочный мир, оставляя ее наедине со сломанной куклой.</p><p id="""">На выставке представлены экспонаты из фондов Государственного мемориального музыкального музея-заповедника П.И. Чайковского и Санкт-Петербургского государственного музея театрального и музыкального искусства, которые расскажут истории «Иоланты» и «Щелкунчика» в обратной перспективе – от традиционного представления об этих сочинениях и современных интерпретаций назад к авторскому замыслу</p><p>‍</p>"
«Из Клина в Прагу»,iz-klina-v-pragu,63e65446fdf813edceb675fe,63e7999163db559b29064a52,Sat Feb 11 2023 13:35:13 GMT+0000 (Coordinated Universal Time),Tue Apr 18 2023 08:25:18 GMT+0000 (Coordinated Universal Time),Tue Apr 18 2023 08:25:28 GMT+0000 (Coordinated Universal Time),с 20 мая по 4 апреля 2023,false,https://uploads-ssl.webflow.com/63e507244eda1ee9bb4c7ccd/63e7998be006820783efe12b_%D0%98%D0%B7-%D0%9A%D0%BB%D0%B8%D0%BD%D0%B0-%D0%B2-%D0%9F%D1%80%D0%B0%D0%B3%D1%83-1.webp,https://uploads-ssl.webflow.com/63e507244eda1ee9bb4c7ccd/63ecedb1657c304ef5beee24_%D0%BA%D0%BB%D0%B8%D0%BD.webp,Персональная выставка графических работ ведущего художника музея-заповедника П.И. Чайковского Вячеслава Феоктистова.,"<h4 id="""">Персональная выставка графических работ ведущего художника музея-заповедника П.И. Чайковского Вячеслава Феоктистова.</h4><p id="""">‍</p><p id="""">Выставка переносит посетителей в Прагу — место, особенно знаковое для Чайковского. Во время гастрольного турне он задержался в этом чудесном городе на целых 10 дней. Именно здесь, после увиденного в Пражском национальном театре второго акта балета «Лебединое озеро», 21 февраля 1888 года композитор напишет в своем дневнике: «Минута абсолютного счастья».</p><p id="""">Отмечал Петр Ильич и теплый прием чехов: «Меня встречали здесь как какого-то представителя всей России, — писал он. — Все мое пребывание здесь было вереницей всяких празднеств, осмотров достопримечательностей, серенад, репетиций, концертов. Меня с утра до вечера угощали, возили, всячески ласкали и баловали. Сами концерты имели колоссальный успех. В Праге я испытал много чудных минут…».</p><blockquote id="""">Со времени посещения Петром Ильичом чешской столицы, исторический центр города практически не изменился. Художник Вячеслав Феоктистов отразил в своих работах все те же достопримечательности, улочки, но главное — передал теплую дружелюбную атмосферу этого города.</blockquote><p id="""">‍</p>"
Константин Маковский. Портрет Александры Панаевой-Карцовой,konstantin-makovskiy-portret-aleksandry-panaevoy-karcovoy,63e65446fdf813edceb675fe,65ce1d062a697ca3cfdf4726,Thu Feb 15 2024 14:17:42 GMT+0000 (Coordinated Universal Time),Mon May 20 2024 11:46:00 GMT+0000 (Coordinated Universal Time),Mon May 20 2024 11:46:00 GMT+0000 (Coordinated Universal Time),19 февраля по 19 мая 2024,false,https://uploads-ssl.webflow.com/63e507244eda1ee9bb4c7ccd/65ce1c79b4d22bf88903bfe3_%D0%90%D1%84%D0%B8%D1%88%D0%B0%20-%20%D0%9F%20%D0%9A%D0%B0%D1%80%D1%86%D0%B5%D0%B2%D0%B0.jpg,https://uploads-ssl.webflow.com/63e507244eda1ee9bb4c7ccd/65ce1d9eb5b39a8183223957_%D0%90%D1%84%D0%B8%D1%88%D0%B0%20-%20%D0%9F%20%D0%9A%D0%B0%D1%80%D1%86%D0%B5%D0%B2%D0%B0.jpg,,"<h4 id=""""><strong id="""">«Константин Маковский. Портрет Александры Панаевой-Карцовой» —</strong> третья из цикла «выставок одного портрета», цель которого знакомить публику с картинами известных художников, запечатлевших тех, с кем Чайковский общался, сотрудничал, кто оставил заметный след в его биографии.</h4><h4 id="""">Портрет А. Панаевой-Карцовой выбран не случайно: певица была большой поклонницей творчества Чайковского, первой исполнительницей многих его романсов, а также партии Татьяны из оперы ""Евгений Онегин"" в музыкальном салоне Ю. Ф. Абазы в Санкт-Петербурге. Вскоре в Москве в Малом театре она познакомилась с самим композитором на премьере его оперы «Евгений Онегин», исполненной учащимися консерватории. С тех пор их дружеские отношения стали крепнуть, а в 1884 году они породнились: певица вышла замуж за двоюродного племянника Петра Ильича, кавалергарда Георгия Павловича Карцова, который был моложе её на девять лет.</h4><h4 id="""">С художником Константином Маковским Александра Панаева-Карцова была хорошо знакома через свою близкую подругу, жену художника Юлию Леткову, с которой познакомилась весной 1876 года в Париже в доме Полины Виардо. Юлия обладала прекрасными вокальными данными и красивого тембра голосом (лирическое сопрано). Подруги часто общались и вместе пели.</h4><h4 id="""">Выставку дополняют и другие материалы из собрания Государственного мемориального музыкального музея-заповедника П. И. Чайковского. Среди них: фотографии Панаевой-Карцовой, ее письма к П. И. Чайковскому и его племяннику Ю. Л. Давыдову, фотография Петра Ильича с А. А. Жедринским, А. Н. Апухтиным и Г. П. Карцовым, а также акварельный портрет певицы в роли Татьяны художника Э. О. Визеля и авторская копия ее воспоминаний о композиторе.</h4><p id="""">‍</p>"
«Международный конкурс имени П. И. Чайковского. События. Факты. Имена»,mezhdunarodnyy-konkurs-imeni-p-i-chaykovskogo-sobytiya-fakty-imena,63e65446fdf813edceb675fe,650d5a4819161869a50fc332,Fri Sep 22 2023 09:11:36 GMT+0000 (Coordinated Universal Time),Tue Nov 07 2023 19:29:56 GMT+0000 (Coordinated Universal Time),Tue Nov 07 2023 19:29:56 GMT+0000 (Coordinated Universal Time),с 22 сентября по 7 ноября ,false,https://uploads-ssl.webflow.com/63e507244eda1ee9bb4c7ccd/650d589ee8678ad3801ce282_05.03.23.jpg,https://uploads-ssl.webflow.com/63e507244eda1ee9bb4c7ccd/650d5b0d004bac780adc4142_%D0%BA%D0%BE%D0%BD%D0%BA%D1%83%D1%80%D1%81.jpg,«Международный конкурс имени П. И. Чайковского. События. Факты. Имена»,"<p id=""""> &nbsp; &nbsp; &nbsp; &nbsp; &nbsp; &nbsp;Выставка посвящена истории Международного конкурса имени П.И. Чайковского, с &nbsp;момента его основания в 1958 году и по настоящее время.</p><p id=""""> &nbsp; &nbsp; &nbsp; &nbsp;Впервые намерение организовать конкурс музыкантов-исполнителей появилось в 1939 году при подготовке плана мероприятий, посвященных 100-летию со дня рождения композитора, которое отмечалось в 1940 году. Замысел не осуществился, в 1941 году началась Великая Отечественная война. Только через 11 лет после победы, после поднятия «железного занавеса», в самый разгар оттепели, летом 1956 года правительством СССР было принято решение о проведении международного конкурса, которому было присвоено имя &nbsp;П. И. Чайковского. На первом же заседании Оргкомитета, который возглавил &nbsp; Д. Д. Шостакович, он сказал о причинах присвоения конкурсу имени &nbsp;П. И. Чайковского. По его мнению, они заложены в музыке великого русского композитора, любви к ней во всем мире, так как она «…предельно искренняя, глубоко человечная…».</p><p id=""""> Первый Международный конкурс имени Чайковского состоялся в марте – апреле 1958 года. Его успех у публики был сенсационным. Особое признание получил победитель среди пианистов американец Ван Клиберн. Он стал абсолютным любимцем публики. По окончании конкурса Совет министров СССР принял специальное постановление «О Международном конкурсе имени П.И.&nbsp;Чайковского». Было решено проводить конкурс регулярно, раз в четыре года. &nbsp;В 1962 году к пианистам и скрипачам присоединились виолончелисты, а в 1966 году к инструменталистам – вокалисты. В течение пятидесяти лет конкурс проводился по четырем специальностям.</p><p id=""""> &nbsp; &nbsp; &nbsp; &nbsp; Жюри первых конкурсов возглавляли выдающиеся музыканты: Э. Г.&nbsp;Гилельс (фортепиано), Д. Ф.&nbsp;Ойстрах (скрипка), М. Л.&nbsp;Ростропович (виолончель) и А. В.&nbsp;Свешников (сольное пение). В дальнейшем их сменяли &nbsp;</p><p id="""">О. В. Тактакишвили, А. Я.&nbsp;Эшпай, Л. Н.&nbsp;Власенко, В. В.&nbsp;Крайнев (фортепиано), Л. Б.&nbsp;Коган, В. В.&nbsp;Третьяков, Л. А.&nbsp;Исакадзе, В. Т.&nbsp;Спиваков (скрипка), Д. Б.&nbsp;Шафран, Н. Н.&nbsp;Шаховская, К. С.&nbsp;Хачатурян, А. И.&nbsp;Рудин (виолончель), &nbsp; &nbsp; &nbsp; И. К.&nbsp;Архипова, З. Л.&nbsp;Соткилава, Е. Е.&nbsp;Нестеренко (сольное пение). </p><p id="""">История конкурса неразрывно связана с домом композитора в Клину. С Первого конкурса стали складываться его главные традиции, связанные с посещением его участниками и гостями дома-музея П. И. Чайковского. Именно в 1958 году паломничество к Чайковскому совершил гость конкурса дирижер Л. Стоковский, который «от музыкантов всего мира» посадил в парке музея дуб. Со временем памятная посадка дерева участниками, членами жюри и гостями конкурса стала традиционной. </p><p id="""">После окончания конкурса в дом композитора приехали его первые лауреаты – В. Клиберн и В. Климов. Музей им показал младший племянник Чайковского Ю. Л. Давыдов. Оба музыканта сыграли в кабинете-гостиной композитора. </p><p id="""">В 1962 году Клин посетила почетная гостья Второго конкурса Королева Бельгии Елизавета. В доме-музее П. И. Чайковского впервые состоялся прием членов жюри и участников, ставший впоследствии традиционным. </p><p id="""">За &nbsp;65 лет и 17 конкурсов менялась страна, менялся мир, менялся и сам конкурс, его герои, &nbsp;символика, дипломы, медали. Первый конкурс проходил в Москве по двум специальностям: фортепиано и скрипка, - участвовал 61 исполнитель из 21 страны. Сегодня состязание охватывает Москву и Санкт-Петербург. Благодаря современным технологиям за конкурсом в режиме онлайн может следить любой человек практически из любой точки планеты. Неизменным остается имя Петра Ильича Чайковского и то внимание, которое привлекает это событие во всем мире.</p><p id="""">На выставке представлены уникальные фотографии из собрания Российского национального Музея Музыки и Государственного музея-заповедника П. И. Чайковского. </p><p id="""">‍</p>"
Мир театра в фарфоре,mir-teatra-v-farfore,63e65446fdf813edceb675fe,63e79b30eaf853242544adee,Sat Feb 11 2023 13:42:08 GMT+0000 (Coordinated Universal Time),Wed Apr 19 2023 11:55:53 GMT+0000 (Coordinated Universal Time),Wed Apr 19 2023 11:58:12 GMT+0000 (Coordinated Universal Time),с 1 июля по 7 ноября 2022,false,https://uploads-ssl.webflow.com/63e507244eda1ee9bb4c7ccd/63e79b29be8e5ceb4dc2292a_%D0%92%D1%8B%D1%81%D1%82%D0%B0%D0%B2%D0%BA%D0%B0.webp,https://uploads-ssl.webflow.com/63e507244eda1ee9bb4c7ccd/63ece296b64b86b842f7530a_%D1%84%D0%B0%D1%80%D1%84%D0%BE%D1%80.webp,Из коллекций Фонда «Наследие» АО «Императорский фарфоровый завод» и Государственного мемориального музыкального музея-заповедника П.И. Чайковского.,"<h4 id="""">Из коллекций Фонда «Наследие» АО «Императорский фарфоровый завод» и Государственного мемориального музыкального музея-заповедника П.И. Чайковского.</h4><p id="""">‍</p><p id="""">Музыка, балет и опера, фарфор – символы национальной русской &nbsp;культуры. Сценическое искусство всегда вдохновляло художников на производство фарфоровых изделий, способных, как и театр, создавать особую атмосферу, волшебный мир — &nbsp;иллюзорный, но близкий к реальности.</p><p id="""">Выставка — своеобразный диалог фарфора и музейных предметов, связанных одной сюжетной линией – музыкальным спектаклем.</p><p id="""">Экспозиция знакомит с уникальными произведениями мастеров Императорского фарфорового завода, одного из старейших европейских предприятий по производству фарфора, основанного по указу императрицы Елизаветы Петровны. Это скульптуры, воссозданные в фарфоре по оригиналам Государственного Эрмитажа, советская балетная и оперная пластика, авторские работы современных художников и скульпторов из коллекции Фонда «Наследие» АО «Императорский фарфоровый завод». В диалог с фарфором на тему музыкального спектакля вступают экспонаты из собрания &nbsp;Государственного музея-заповедника П.И. Чайковского: фотографии исполнителей главных ролей и сцен из спектаклей, эскизы декораций театральных художников к постановкам опер и балетов Чайковского, театральные костюмы и аксессуары, в которых известные артисты создавали сценические образы в произведениях композитора.</p><blockquote id="""">Среди скульптур — &nbsp;жемчужина русского модерна — «Балерина Тамара Карсавина», выполненная Серафимом Судьбининым в 1910 году. Статуэтка имеет одну точку опоры: балерина стоит на пальчиках в позе арабеск — в то время подобных аналогов в производстве фарфора не было.</blockquote><p id="""">Яркие образцы реализма демонстрируют работы советских скульпторов: &nbsp;Елены Янсон-Манизер, воплотившей в фарфоре целую плеяду известных балерин и танцовщиков, Веры Мухиной и Ильи Слонима.</p><p id="""">Работы Анатолия Данилова посвящены мэтрам балета нашего времени: «Н.М. Цискаридзе в партии Зигфрида в «Лебедином озере» П.И. Чайковского», «Рудольф Нуреев в роли Странника в «Песнях странствующего подмастерья», «Владимир Васильев и Екатерина Максимова в ролях Принца и Маши в балете «Щелкунчик», «Майя Плисецкая в роли Одиллии в балете «Лебединое озеро»…</p><h5 id="""">Интересны серии скульптур других авторов.</h5><p id=""""><strong>«Персонажи балета «Петрушка»</strong> — так называются работы Эльвиры Еропкиной, посвященные одному из спектаклей Русских сезонов Сергея Дягилева. <strong>«Персонажи балета «Щелкунчик»</strong> выполнены по эскизам Михаила Шемякина к спектаклю Мариинского театра. &nbsp;В воплощенных в фарфоре образах ирреального мира передан гофмановский дух с &nbsp;элементами гротескного юмора и фантасмагории.</p><h5 id="""">Тема театра представлена также &nbsp;в сервизах и чайных парах.</h5><p id="""">Дополняют экспозицию фарфоровые блюда с авторской росписью художников знаменитой мануфактуры.</p><p id=""""><em id="""">При выборе темы выставочного проекта имел значение тот факт, что прадедом Чайковского по материнской линии был &nbsp;французский скульптор-модельер по фарфору Мишель-Виктор Асье (1736-1799), работавший на знаменитой Мейсенской фарфоровой мануфактуре. Вместе с Иоганном-Иоахимом Кендлером он выполнял заказы для России. Среди них — столовый сервиз, состоящий из ста двух предметов, подаренный императрицей Екатериной II графу А.Г. Орлову. Другой «Большой русский заказ» Екатерины II (между 1772 и 1775 годами), известный как «Ораниенбаумская серия», — композиция из сорока групп и фигур для украшения одного из павильонов Ораниенбаумского дворца. </em></p><p id=""""><em id="""">Изготовленные по моделям Асье фарфоровые статуэтки хранятся в музейных собраниях в России и за рубежом. В Государственном музее-заповеднике П.И. Чайковского его работы представлены на выставке «Чайковский. Симфония «Жизнь».</em></p><p id="""">‍</p>"
Музыкальные пристрастия князей Юсуповых,muzykalnye-pristrastiya-knyazey-yusupovyh,63e65446fdf813edceb675fe,665745a18c832803a1e700d3,Wed May 29 2024 15:11:29 GMT+0000 (Coordinated Universal Time),Wed May 29 2024 15:11:29 GMT+0000 (Coordinated Universal Time),Wed May 29 2024 15:11:29 GMT+0000 (Coordinated Universal Time),30 мая по 9 сентября 2024 ,true,https://uploads-ssl.webflow.com/63e507244eda1ee9bb4c7ccd/66574592394ee2f6ec3edc53_jusupovy.jpg,https://uploads-ssl.webflow.com/63e507244eda1ee9bb4c7ccd/6657458cc5f47bda1010c263_%D0%93%D0%9C%D0%97%D0%90.%20%D0%98.%D0%95.%D0%9A%D1%80%D0%B0%D1%87%D0%BA%D0%BE%D0%B2%D1%81%D0%BA%D0%B8%D0%B9_low.jpg,,"<p id="""">Во второй половине XVIII в. музыка является неотъемлемой частью русской дворянской культуры и воспитания. Театральные представления и публичные концерты, танцы под музыку на балах, домашнее музицирование составляли любимые занятия представителей дворянского сословия. К началу XIX в. выросло целое поколение аристократов, имевших вкус к музыке и природный талант и интерес к этому виду искусства, способствовавших в дальнейшем развитию русской музыкальной культуры.</p><p id="""">Выставка впервые так полно представляет материалы, связанные с музыкальными увлечениями князей Юсуповых на протяжении почти полутора столетий, напоминая о вкладе представителей этого знаменитого рода в российскую музыкальную культуру. В трех основных ее разделах демонстрируется уровень осведомленности и включенности отдельных членов семьи Юсуповых в музыкальную жизнь Москвы, Санкт-Петербурга и европейских культурных центров. </p><p id="""">Раздел, посвященный хорошо известной в настоящее время деятельности князя Н. Б. Юсупова-старшего на посту Директора Императорских театров, а в дальнейшем - активного члена московского «Общества любителей музыки», включает некоторые новые факты, в частности, связанные с приглашением в Петербург &nbsp;итальянской труппы, возглавляемой композитором Дж. Астаритой, обнаруженные специалистами за последнее время. Благодаря деятельности «Общества» московские зрители получали возможность знакомиться с европейскими оперными новинками, в частности, из 50 постановок, осуществленных в 1821-1827, более 30 – были оперы Д. Россини, а вот оперы Моцарта появляются в репертуаре итальянской труппы лишь к 1826. </p><p id="""">Самый обширный раздел выставки посвящен музыканту-любителю, автору многочисленных сочинений князю Н. Б. Юсупову-младшему, для которого музыка стала делом всей жизни. О его отношениях с целым рядом известных музыкальных деятелей XIX века, среди которых Ш. О. де Берио, А. Вьетан, Г. Венявский, высокопоставленный любитель музыки король Баварии Максимилиан и другие, свидетельствуют автографы, сохранившиеся на литографированных портретах. Музыкальное окружение князя немало способствовало тому, чтобы он стал увлеченным скрипачом и композитором, создателем значительной коллекции музыкальных инструментов, известной сейчас всему миру. Некоторые собственные музыкальные сочинения князь записывал на специальные валы, которые и сейчас можно прослушать на специальном механическом органе. &nbsp;</p><p id="""">Князь Юсупов – автор нескольких книг и статей, связанных с музыкальной тематикой, в частности, «Лютомонографии, история скрипичного искусства с комментариями» (1856) и «Историия русской музыки в России. Часть первая. Церковная музыка» (1862). Обе книги были изданы на французском языке за границей на средства автора.</p><p id="""">О музыкальных пристрастиях в семье З. Н. Юсуповой в настоящее время известно немного. Сохранившаяся в Российской национальной библиотеке и в Российском государственном архиве древних актов обширная коллекция программ концертов 1870-х – 1880-х годов, в том числе устраивавшихся в юсуповском дворце на Мойке, дает некоторое представление о музыкальных интересах членов семьи, в том числе Ф. Ф. Юсупова-старшего. После завершения коронационных торжеств 1896 г., проходивших в Москве, Юсуповы устраивали в Архангельском приемы с участием членов императорской фамилии и иностранных гостей, завершавшиеся представлениями в усадебном театре. В программах преобладали отрывки из самых известных произведений Д. Россини, Дж. Верди, П. Масканьи.</p><p id="""">Представители семьи князей Юсуповых в музыке, как и в других своих интересах, не ограничивались личным увлечением, но прилагали усилия для всесторонней поддержки и развития музыкальных проектов.</p><p id="""">‍</p><p id="""">Проект приуроченный к 105-летию создания Государственного музея-заповедника «Архангельское» и 130-летию Государственного мемориального музыкального музей-заповедник П. И. Чайковского, включен в параллельную программу юбилейного Х Международного фестиваля искусств П. И. Чайковского в Клину. Поддержку выставке оказали Российская национальная библиотека, Центральный государственный архив литературы и искусства Санкт-Петербурга и Российский государственный архив древних актов.</p><p>‍</p>"
"МУЗЫКАЛЬНЫЕ СКАЗКИ «Все взрослые сначала были детьми, только мало кто из них об этом помнит» - Антуан де Сент Экзюпери",muzykalnye-skazki,63e65446fdf813edceb675fe,65819ea7c58271ffd4af5b94,Tue Dec 19 2023 13:46:15 GMT+0000 (Coordinated Universal Time),Wed Apr 03 2024 07:27:15 GMT+0000 (Coordinated Universal Time),Wed Apr 03 2024 07:27:15 GMT+0000 (Coordinated Universal Time),с 15 декабря по 2 апреля,false,https://uploads-ssl.webflow.com/63e507244eda1ee9bb4c7ccd/65819d204aa7c5d4660d891f_%D0%B0%D1%84%D0%B8%D1%88%D0%B0%20%D0%A1%D0%BA%D0%B0%D0%B7%D0%BA%D0%B8%20%D0%901%20594%D1%85841_%D0%BF%D0%B5%D1%87%D0%B0%D1%82%D1%8C%20%D0%B2%D0%B0%D1%802-3.jpg,https://uploads-ssl.webflow.com/63e507244eda1ee9bb4c7ccd/65ab81be02af1193ae96d19d_1.jpg,,"<h4 id="""">Сказка с давних времен сопровождает жизнь человека. Когда же она появилась? Проанализировав массу данных, ученые пришли к выводу, что самая древняя сказка – «Кузнец и Дьявол» - появилась около шести тысяч лет назад, еще в бронзовом веке. Разные народы имеют сказки со схожим сюжетом, что говорит о едином источнике их происхождения. Мы привыкли думать, что сказки предназначены только для детей. В действительности их аудитория не имеет возрастных границ, так как через метафору сказка передает мудрость поколений и позволяет задуматься о самых серьезных вещах и явлениях.</h4><h4 id="""">А как сказка сочетается с музыкой? В древние времена исполнение сказки могло сопровождаться различными звуками, а древние сказители ее и вовсе распевали. Однако, этим взаимодействие сказки и музыки не ограничивается. Многие известные композиторы, уважаемые и серьезные, так или иначе обращались в своем творчестве к иллюстрации сказок.</h4><h4 id="""">Кто-то создавал произведения для музыкального театра на сказочные сюжеты, как, например, Михаил Глинка, Николай Римский-Корсаков или Петр Ильич Чайковский. И, наверное, это был главный способ «оживить» сказку до изобретения кинематографа. Кто-то, уже вXX веке, писал музыку к кинофильмам и мультфильмам на сказочные темы, как Моисей Вайнберг, София Губайдулина или Родион Щедрин, с работами которых в том числе знакомит выставка. </h4><h4 id="""">Выставочный проект посвящен разным способам музыкального воплощения сказок. Он позволяет окунуться в сказочный мир детства. Ведь, как писал Антуан де Сент Экзюпери: «Все взрослые сначала были детьми, только мало кто из них об этом помнит». </h4><h4 id="""">‍</h4><h4 id="""">Участники проекта: Государственный центральный музей кино, киностудия ""Союзмультфильм"" </h4><figure id="""" class=""w-richtext-figure-type-image w-richtext-align-center"" style=""max-width:10%"" data-rt-type=""image"" data-rt-align=""center"" data-rt-max-width=""10%""><div id=""""><img src=""https://uploads-ssl.webflow.com/63e507244eda1ee9bb4c7ccd/658981fa9c1ad56db2979423_1248-814-max.png"" loading=""lazy"" id="""" width=""auto"" height=""auto"" alt=""""></div></figure><figure id="""" class=""w-richtext-figure-type-image w-richtext-align-center"" style=""max-width:10%"" data-rt-type=""image"" data-rt-align=""center"" data-rt-max-width=""10%""><div id=""""><img src=""https://uploads-ssl.webflow.com/63e507244eda1ee9bb4c7ccd/658985aa58b3e7ed391756da_20150922133611!LOGO_cinema_museum_-02.png"" loading=""lazy"" id="""" width=""auto"" height=""auto"" alt=""""></div></figure><p id=""""><em id="""">Выставка создана при поддержке ООО ""Газпром трансгаз Москва""</em></p><p id=""""><em id="""">‍</em></p>"
«Шедевры запасников Дома П.И. Чайковского»,shedevry-zapasnikov-doma-p-i-chaykovskogo,63e65446fdf813edceb675fe,63e657f75d95dc98b1a2c12f,Fri Feb 10 2023 14:43:03 GMT+0000 (Coordinated Universal Time),Wed Apr 19 2023 11:57:48 GMT+0000 (Coordinated Universal Time),Wed Apr 19 2023 11:58:12 GMT+0000 (Coordinated Universal Time),с 22 апреля по 21 июня 2022,false,https://uploads-ssl.webflow.com/63e507244eda1ee9bb4c7ccd/63e657eec37df2e63db3d67c_%D0%96%D0%B8%D0%B2%D0%BE%D0%BF%D0%B8%D1%81%D1%8C%201.webp,https://uploads-ssl.webflow.com/63e507244eda1ee9bb4c7ccd/63eceeb5da25f123fdfa86af_Frame%2040248.webp,Из фондов Государственного мемориального музыкального музея‑заповедника П.И. Чайковского.,"<h4 id="""">Из фондов Государственного мемориального музыкального музея‑заповедника П.И. Чайковского</h4><p>‍</p><p id="""">Коллекция произведений изобразительного искусства – значимый раздел в собрании музея-заповедника П.И. Чайковского. Задача выставки показать ее богатство и разнообразие: живопись, графика и скульптура представлены работами К.Е. Маковского, Б.М. Кустодиева, М.Ф. &nbsp;Шемякина, В.К. Бялыницкого-Бирули, Ф.О. Шехтеля, М.В. Рундальцова, И.Я. Гинцбурга и других известных мастеров…</p><p id="""">Коллекция формировалась с момента создания музея. В ее основе — работы, которые находились в доме Чайковского и были подарены композитору их авторами, а также произведения, принадлежавшие его брату, основателю музея, Модесту Ильичу.</p><p id="""">Планомерное собирание коллекции началось сто лет назад, в 1920-е годы. &nbsp;В то время художники Л.Ф. Пищалкин, Ф.О. Шехтель, В.Д. Милиоти передают в дар музею свои работы, запечатлевшие внешний вид и интерьеры дома Чайковского. От первого директора музея – Н.Т. Жегина – в фонды поступают картины П.И. Петровичева, О.Н. Коровиной-Третьяковой и несколько офортов. В 1923 году музей приобретает портрет П.И. Чайковского, выполненный в технике офорта М.В. Рундальцовым. В 1924 году П.В. Танеев передает в музей архив своего отца В.И. Танеева, среди материалов которого — портрет любимого ученика и друга Петра Ильича, композитора С.И. Танеева, выполненный художницей А. Румянцевой в технике пастели. Фонды музея пополняются скульптурными портретами П.И. Чайковского, Э.Ф. Направника, А.Г. Рубинштейна, Ф.И. Шаляпина работы И.Я. Гинцбурга.</p><p id="""">Большой интерес представляют живописные и графические портреты музыкантов. &nbsp;В 1925 году Отдел по Делам Музеев Главнауки Наркомпроса передает в музей большое &nbsp;полотно М.Ф. Шемякина «Трио Чайковского», на котором изображены композитор А.Н. Корещенко, скрипач И.В. Гржимали и виолончелист А.А. Брандуков. Вторая работа художника — «Чешский квартет» — &nbsp;поступила в дар от неустановленного лица. В 1931 году Московская &nbsp;консерватория дарит музею три живописных портрета – музыкального критика Н.Д. Кашкина (художник Г. Петровский), дирижера В.И. Сафонова (художник Н.К. Бодаревский) и композитора М.М. Ипполитова-Иванова (художник Н.Н. Вышеславцев). В 1939 году закупочная комиссия Эрмитажа приобретает для музея портрет певицы А.В. Панаевой-Карцовой кисти К.Е. Маковского.</p><p id="""">Таким образом, к 1940-ым годам музей обладал прекрасной коллекцией изобразительного искусства, которая продолжает пополняться. В 1943 году музей покупает картины художника В.К. Бялыницкого-Бирули, которые были &nbsp;написаны в музее в 1942 году через несколько месяцев после его освобождения.</p><p id="""">На выставке представлены три «загадочных» портрета П.И. Чайковского. «Голова вдохновленного юноши» — так называется этюд Ю.Я. Лемана, для которого, по существующей легенде, в 1856 году позировал &nbsp;16-летний Пётр Чайковский. Вторая работа &nbsp;обозначена на выставке как &nbsp;«Неизвестный», на её холсте с оборотной стороны — автограф И.Я. Репина и надписи: «… / выставка / Москва 1894 / Общества Любителей» и «композитор Чайковский». &nbsp;Третий портрет принадлежит кисти генуэзского художника Л. Кальканьо. Созданный в Италии в 1966 году, он поступил в музей в 1979 году, уже после смерти автора.</p><blockquote id="""">Живописную галерею дополняют портреты деятелей искусства, выполненные в разных техниках графики. Эти работы выставляются редко и на короткий срок, т.к. уязвимы светом.</blockquote><p id="""">Выставочное пространство делится на тематические разделы: виды музея и окрестностей Клина, серия портретов выдающихся музыкантов, &nbsp;портреты родственников и друзей Чайковского. &nbsp;Особое место отведено людям, стоявшим у истоков музея, музейным сотрудникам – Н.Т. Жегину, И.И. Чайковскому, Ю.Л. Давыдову.</p><p id="""">У каждого произведения есть история, своя, порой сложная, судьба. Многие из них были в эвакуации во время Великой Отечественной войны, пережили путь в Воткинск, на родину композитора, и обратно. Меньше повезло тем работам, которые не успели покинуть музей во время войны. Сегодня они собраны здесь, на выставке, чтобы предстать перед взорами посетителей музея.</p><p>‍</p>"
Владимир Федосеев. 50 лет с БСО,vladimir-fedoseev-50-let-s-bso,63e65446fdf813edceb675fe,65c4bb416dda639dad448618,Thu Feb 08 2024 11:30:09 GMT+0000 (Coordinated Universal Time),Thu Mar 14 2024 07:33:01 GMT+0000 (Coordinated Universal Time),Thu Mar 14 2024 07:33:01 GMT+0000 (Coordinated Universal Time),с 10 февраля по 12 марта,false,https://uploads-ssl.webflow.com/63e507244eda1ee9bb4c7ccd/65c38bab5f1e9d12b7c72d7f_IMG_1330.jpg,https://uploads-ssl.webflow.com/63e507244eda1ee9bb4c7ccd/65c4c6ea012a6ab6421df127_%D0%91%D0%A1%D0%9E.JPG,,"<h5 id=""""><strong id="""">Выставка посвящена юбилею долголетней работы Владимира Федосеева с Большим симфоническим оркестром имени П. И. Чайковского и приурочена к Большому туру, который открывается концертом в музее-заповеднике П. И. Чайковского.</strong></h5><h4 id="""">Имя Владимира Федосеева связано со многими оркестрами мира. Но главное место в его жизни занимает Государственный академический Большой симфонический оркестр имени П.&nbsp;И.&nbsp;Чайковского, художественным руководителем и главным дирижером которого он является уже полвека. Маэстро сформировал особенный, узнаваемый почерк, принесший БСО международную известность (за рубежом оркестр известен как TchaikovskySimphonyOrchestra).</h4><h4 id="""">В 1993 году оркестр &nbsp;получил имя П. И. Чайковского как один из самых ярких и глубоких интерпретаторов творчества композитора, открывший миру малоизвестные и ранее не исполнявшиеся его партитуры. Пять десятилетий маэстро и БСО творчески и дружески связаны с музеем П. И. Чайковского, являются инициаторами и участниками многих совместных проектов, представленных в России и за рубежом. Благодаря инициативе Федосеева музей в содружестве с Государственным институтом искусствознания начал работу над Академическим полным собранием сочинений П. И. Чайковского – масштабным научно-издательским проектом, цель которого - представить миру произведения композитора без позднейших искажений и купюр.</h4><h4 id="""">Первыми крупными работами дирижера с БСО стали концертные постановки, а также записи в фонд радио и на пластинки опер «Сельская честь» П.&nbsp;Масканьи, «Черевички» П.&nbsp;Чайковского, «Снегурочка» и «Майская ночь» Н.&nbsp;Римского-Корсакова. Многие записи Владимира Федосеева, в числе которых все симфонии Л.&nbsp;Бетховена, симфонии П.&nbsp;Чайковского, Г.&nbsp;Малера и С.&nbsp;Танеева, становились бестселлерами. В&nbsp;дискографии дирижера также представлены все симфонии И.&nbsp;Брамса и Д.&nbsp;Шостаковича.</h4><h4 id="""">Владимир Федосеев и БСО осуществили премьеры почти всех оркестровых произведений Георгия Свиридов. </h4><h4 id="""">В 2004 году Федосеев начал передавать свой опыт новым поколениям дирижеров в Российской академии музыки им. Гнесиных, а в 2019 году основал при БСО Студию молодых дирижеров. </h4><h4 id="""">Владимир Федосеев — полный кавалер ордена «За заслуги перед Отечеством», обладатель множества премий и наград. </h4><h4 id="""">‍</h4><h5 id=""""><strong id=""""><em id="""">«С годами я все больше понимаю этот оркестр, а он – меня. У нас колоссальные традиции… А Чайковский, имя которого носит оркестр, - это мой путеводитель в музыке»</em></strong> - Владимир Федосеев.</h5><p id="""">‍</p><p id="""">&nbsp;</p><p id="""">&nbsp;</p><p id="""">‍</p><p id="""">‍</p>"
Владимир Клопов. «Не только художник»,vladimir-klopov-ne-tolko-hudozhnik,63e65446fdf813edceb675fe,63e79a86eaf8534396449f44,Sat Feb 11 2023 13:39:18 GMT+0000 (Coordinated Universal Time),Wed Apr 19 2023 11:56:53 GMT+0000 (Coordinated Universal Time),Wed Apr 19 2023 11:58:12 GMT+0000 (Coordinated Universal Time),с 23 июня по 20 сентября 2022,false,https://uploads-ssl.webflow.com/63e507244eda1ee9bb4c7ccd/63e79a7d8c099706e3aaa25f_%D0%9A%D0%BB%D0%BE%D0%BF%D0%BE%D0%B2.webp,https://uploads-ssl.webflow.com/63e507244eda1ee9bb4c7ccd/63ece9eeefede9836d9f250f_Frame%2040246.webp,Выставка из фондов Государственного мемориального музыкального музея-заповедника П.И. Чайковского.,"<h4>Выставка из фондов Государственного мемориального музыкального музея-заповедника П.И. Чайковского.</h4><p>‍</p><p id="""">Владимир Анатольевич Клопов — художник-самоучка, чьи работы привлекали внимание Академии Художеств, Третьяковской галереи, выставлялись в Колонном зале дома Союзов, хранились у Н.В. Неждановой, Н.С. Голованова, А.В. Луначарского, в частных собраниях за рубежом.</p><p id="""">В.А. Клопов родился в 1875 году в Парголово под Петербургом &nbsp;в дворянской семье: его отец — Анатолий Алексеевич Клопов, — титулярный советник, экономист, чиновник Министерства путей сообщения. С детства мечтал стать музыкантом, но, готовясь к поступлению в Консерваторию, повредил руку. От мечты пришлось отказаться и выбрать другую профессию. Окончив в 1901 году в Петербурге Лесной институт по специальности ученый-лесовод, он почти сорок лет проработал лесничим под Волховом, в Малой Вишере и в Клинском уезде.</p><p id="""">Музыкальность и тонкое чувство природы, свойственные Владимиру Анатольевичу, &nbsp;привели его в 1907 году к занятиям живописью. «Никакого специального художественного образования ни до того, ни после не имел. Начал работать прямо с этюдов, с натуры маслом, но вскоре перешел на пастель, на которой специализировался», — писал о себе художник. Пастель понравилась ему своей воздушной мягкостью и бархатистостью. В этом виде графической и живописной техники он преуспел и выработал свой стиль.</p><p id="""">В 1910 году по совету профессоров Академии художеств П.П. Чистякова и Н.Н. Дубровского Клопов представил пять своих работ на весеннюю Академическую выставку, из которых три были приняты.</p><p id="""">Следующий год стал знаковым в его творчестве. Вместе с отцом и товарищами он отправился в путешествие по Норвегии, результатом которого стала серия пейзажей, отражающих суровую красоту северных ландшафтов. В этом же году известный голландский искусствовед Абрахам Бредиус заметил работы Клопова на выставке в Петербурге и организовал их экспонирование в Гааге. Выставка имела успех: из 68 работ 48 &nbsp;были проданы, пополнив &nbsp;коллекции ценителей русского искусства за рубежом. Важным событием этого времени в биографии художника стало &nbsp;и участие в художественной выставке в Новгороде, где он стал победителем в голосовании публики за понравившегося автора.</p><blockquote id="""">В России пастели В.А. Клопова выставлялись в Петербурге, &nbsp;Москве, Новгороде, Малой Вишере и в Клину вместе с картинами известных мастеров — &nbsp; К.С. Петрова — Водкина, А.П. Остроумовой – Лебедевой, А.А. Рылова, Д.И. Митрохина.</blockquote><p id="""">Творчество художника попало в поле зрения критиков. В 1914 году журналист Оскар Гросберг писал в одной из петербургских газет: «… лучшее, что представлено на выставке по пейзажу и на что смотришь здесь с некоторым удивлением, это небольшие, очаровательно интимные пейзажи художника В.А. Клопова. Его картины заслуживают безусловного внимания. Этот художник имеет свой собственный стиль, который нисколько не теряет оттого, что он несколько сух, даже можно сказать графичен. На самом деле этот художник и есть мастер в области графики, так как он работает пастелью. Клопов великолепно владеет этим цветным карандашом; он очень скуп в красках и, тем не менее, достигает &nbsp;замкнутого, необыкновенного гармоничного колорита. Превосходен воздух, и ему очень удаются световые эффекты. Видно, что он <strong id="""">не только художник</strong>, но и большой любитель природы, который принял очарование нашего родного русского ландшафта».</p><p id="""">В начале 1920-х годов Клопов с семьей переехал в Клин, где создал множество пастелей, запечатлевших красоту подмосковной природы. В это же время он стал членом Общества художников — индивидуалистов в Петрограде, &nbsp;куда входили К.С. Петров — Водкин, Ю.Ю. Клевер, И.И. Бродский, братья А.В. и К.Е. Маковские.</p><p id="""">В 1923 году Клопов подружился с директором Дома-музея П.И. Чайковского Николаем Тимофеевичем Жегиным и вместе с супругой Марией Николаевной стал членом Общества друзей музея. Их дочери – Ирина и Наталья — некоторое время работали в музее научными сотрудниками уже после смерти отца. Мечта Клопова стать музыкантом воплотилась в его детях: сын Анатолий и дочь Ирина, получили музыкальное образование и многие годы преподавали в Клинской музыкальной школе.</p><p id="""">Последняя выставка, в которой принимал участие В.А. Клопов, была организована в январе 1937 года по инициативе Н.С. Хрущева в фойе Колонного зала Дома Союзов. Несмотря на то, что лирические картины художника выбивались из официозной тематики выставки, критики в газете «Известия» отмечали: «особое внимание обращают на себя замечательные зимние пейзажи (пастель) 60-летнего лесовода – пенсионера В.А. Клопова». В этом же году Владимир Анатольевич был оклеветан, репрессирован и выслан на Дальний Восток, где и умер в 1942 г. В 1957 году был реабилитирован, &nbsp;в городе даже есть улица, носящая его имя.</p><blockquote id="""">Многие картины Владимира Анатольевича сохранились, он щедро дарил их родным и друзьям. В 1945, 1949 и 1955 году музей выкупил часть работ у его дочери Ирины. Пастель с видом мемориального дома была подарена музею в 1989 году А.А. Де-Лазари-Борисовской, супругой одного из преподавателей Московской консерватории.</blockquote><p id="""">Тонкость и изящество пастелей В.А. Клопова в сочетании с богатой фактурой и звучностью красок создают мир, который завораживает и восхищает. Его работы — это песнь красоте русской природы, вдохновлявшей и Петра Ильича Чайковского на создание музыкальных шедевров. Несколько работ Клопова посвящено клинской усадьбе «Фроловское», где некоторое время жил композитор, называвший эти места «раем небесным».</p><p>‍</p>"
Владимир Маковский. Автопортрет,vladimir-makovskiy-avtoportret,63e65446fdf813edceb675fe,651fbe1ac4eb2fbd3e0d9f1c,Fri Oct 06 2023 07:58:18 GMT+0000 (Coordinated Universal Time),Wed Jan 10 2024 18:15:50 GMT+0000 (Coordinated Universal Time),Wed Jan 10 2024 18:18:12 GMT+0000 (Coordinated Universal Time),с 5 октября по 10 января,false,https://uploads-ssl.webflow.com/63e507244eda1ee9bb4c7ccd/651fbd3c079423d264af38ad_%D0%90%D1%84.%20%D0%9C%D0%B0%D0%BA%D0%BE%D0%B2%D1%81%D0%BA%D0%B8%D0%B9%20.jpg,https://uploads-ssl.webflow.com/63e507244eda1ee9bb4c7ccd/651fbd531194e6fc6b3f8350_%D0%90%D1%84.%20%D0%9C%D0%B0%D0%BA%D0%BE%D0%B2%D1%81%D0%BA%D0%B8%D0%B9%20%20%E2%80%94%20%D0%BA%D0%BE%D0%BF%D0%B8%D1%8F.jpg,,"<p id=""""><strong id="""">Выставка «Владимир Маковский. Автопортрет» </strong>— вторая в проекте «Выставка одного портрета», &nbsp;цель которого познакомить публику с картинами художников ,запечатлевших тех, с кем Чайковский общался, сотрудничал, дружил.</p><p id=""""> &nbsp; &nbsp; &nbsp; &nbsp; &nbsp;В конце 1860-х годов портретный жанр в изобразительном искусстве вышел на первый план, во многом благодаря П. М. Третьякову, &nbsp;активно пополнявшему свою коллекцию портретами деятелей литературы, искусства, науки. </p><p id=""""> &nbsp; &nbsp; &nbsp; &nbsp; &nbsp; &nbsp; &nbsp; Основатель галереи ещё до знакомства с Чайковским с большим вниманием следил за его творчеством. В 1882году они породнились: племянница Павла Михайловича – Прасковья Владимировна Коншина вышла замуж за брата Петра Ильича – Анатолия. В одном из писем композитор сообщал: «… родство у невесты моего брата огромное… Люди очень почтенные, образованные, порядочные…». </p><p id=""""> &nbsp; &nbsp; &nbsp; &nbsp; &nbsp; &nbsp;После личного знакомства с Чайковским Третьяков захотел иметь в своей галерее его портрет и сделал заказ Владимиру Маковскому. &nbsp;Композитор позировал художнику в декабре 1882года. &nbsp;« Вы можете себе представить, до чего мне трудно было сидеть несколько часов без движения, если и одна минута фотографического сеанса так ужасала меня», – признавался он Н. Ф. фон Мекк. </p><p id=""""> &nbsp; &nbsp; &nbsp; &nbsp;Александра Боткина, дочь Третьякова, в книге об отце написала: «Портрет этот я помню. Небольшой, погрудный, в светлых тонах. Пётр Ильич смотрит прямо на зрителя. Похожий, он всё же не передавал всей обаятельности его лица. И выражение было какое-то безразличное». </p><p id=""""> &nbsp; &nbsp; &nbsp; &nbsp; &nbsp; Неудачным называл портрет брат композитора Модест Ильич, хотя сам Чайковский считал, что он «удался вполне». &nbsp;«Питаю к этому живописцу величайшую симпатию», – писал он Сергею Танееву. К моменту знакомства с художником Чайковский, по его собственному признанию, сделал «огромный шаг вперед» в понимании произведений изобразительного искусства, а его музыка часто звучала в доме Маковского. </p><p id=""""> &nbsp; &nbsp; &nbsp; &nbsp; &nbsp; &nbsp; Портрет хранился в собрании Третьякова до 1894 года, когда его заменил портрет композитора, написанный Н. Д. Кузнецовым. Дальнейшая судьба работы Маковского остаётся неизвестной.</p><p id=""""> &nbsp; &nbsp; &nbsp; &nbsp; &nbsp; Представленный на выставке автопортрет Владимира Маковского дополняют экспонаты из собрания музея-заповедника: &nbsp;письмо художника к Чайковскому, его фотопортреты и живописные этюды - «На даче» и «Сосновый лес». Здесь же - фотография Петра Ильича и &nbsp;его письмо к Маковскому, в котором он просит показать &nbsp;на XXI Передвижной выставке в Москве и Петербурге свой портрет, созданный Н. Д. Кузнецовым. Интерес представляют &nbsp; материалы рукописного юмористического журнала «Захолустье», который Маковский выпускал вместе с композитором &nbsp;Танеевым. &nbsp;Публикуемые в нём комические рисунки, эпиграммы, шутки и небольшие музыкальные произведения друзья подписывали псевдонимами «Немврод Плодовитов» (Маковский) и «Эхидон Иванович Ядовитов или Невыносимов»(Танеев). </p><p id=""""><strong id="""">Музей-заповедник П.&nbsp;И.&nbsp;Чайковского благодарит Государственную Третьяковскую галерею за сотрудничество в данном проекте.</strong></p><p id=""""><strong id=""""> </strong></p><figure class=""w-richtext-figure-type-image w-richtext-align-center"" data-rt-type=""image"" data-rt-align=""center""><div><img src=""https://uploads-ssl.webflow.com/63e507244eda1ee9bb4c7ccd/65294cf66c826ba0535f0289_photo_5258271002876563877_y.jpg"" loading=""lazy""></div></figure><p id="""">‍</p>"
«Дачный досуг. Демьяново»,vystavka-dachnyy-dosug-demyanovo,63e65446fdf813edceb675fe,649d84e61aa854a5e2a65d1d,Thu Jun 29 2023 13:19:34 GMT+0000 (Coordinated Universal Time),Wed Nov 22 2023 06:30:13 GMT+0000 (Coordinated Universal Time),Wed Nov 22 2023 06:30:13 GMT+0000 (Coordinated Universal Time),с 23 июня по 21 ноября,false,https://uploads-ssl.webflow.com/63e507244eda1ee9bb4c7ccd/649d839f6132f402042f9548_%D0%94%D0%B0%D1%87%D0%BD%D1%8B%D0%B9%20%D0%B4%D0%BE%D1%81%D1%83%D0%B3.png,https://uploads-ssl.webflow.com/63e507244eda1ee9bb4c7ccd/6532bdffa8bee6f8112c851a_dem_no_back.webp,,"<p id="""">Выставочный проект стремится погрузить посетителей в атмосферу дачной жизни конца XIX — начала ХХ века, показать ее бытовую сторону, досуг и развлечения. В конце XIX — начале XX века дачи начинают играть большую роль в жизни крупных городов. Летом уехать на отдых стремились все, кто мог себе это позволить: дворяне, купцы, чиновники, творческая и научная интеллигенция и прочие городские обыватели. Загородные летние усадьбы превращаются в культурно-исследовательские центры, где можно было отдыхать и заниматься хобби,при этом продолжая научную деятельность.</p><p id="""">Яркая иллюстрация такой традиции — Усадьба Демьяново —значительное и колоритное пятно в истории Клина рубежа XIX и XX веков.В 1883 году известный адвокат Владимир Иванович Танеев купил имение Демьяново,где помимо традиционного усадебного уклада решил развивать и другую сторону: на территории усадьбы были разбиты дачи, сдававшиеся на летнее время. Феномен Демьяново состоит в невероятной концентрации представителей научной,музыкальной и художественной интеллигенции, носителей значимых для научной и художественной истории страны имен, среди них Аполлинарий Васнецов, Климент Тимирязев, семьи Бугаевых (родители Андрея Белого и сам поэт в детские годы),Скрябиных, Гнесиных. Частыми гостями у хозяев Демьянова были соседи Петр Ильич и Модест Ильич Чайковские, брат хозяина Сергей Иванович Танеев.</p><p id="""">Выставка состоит из четырех разделов: знакомство с Демьяново и его дачниками, дачные занятия в доме и на свежем воздухе, а также отдельный зал отведен под музыкальную гостиную. Среди экспонатов выставки представлены предметы интерьера рубежа XIX— начала ХХ века, дамские аксессуары, швейные и вышивальные принадлежности,атрибуты спортивных и настольных игр, графические работы с изображением окрестностей Клина, архивные фотографии, рукописи и печатные издания.</p><p id="""">На выставке представлены предметы из собраний Государственного мемориального музыкального музея-заповедника П.&nbsp;И.&nbsp;Чайковского, Государственного Владимиро-Суздальского архитектурного и художественного музея-заповедника, Государственного центрального музея современной истории России, Государственного музея истории русской литературы имени В.&nbsp;И.&nbsp;Даля, Государственного музея Л.&nbsp;Н.&nbsp;Толстого, Государственного музея А.&nbsp;С.&nbsp;Пушкина, Дома-музея Марины Цветаевой, Музейного объединения «Музей Москвы», Мемориального музея А.&nbsp;Н.&nbsp;Скрябина, Мемориального музея-квартиры Ел.&nbsp;Ф.&nbsp;Гнесиной, Музея С.&nbsp;И.&nbsp;Танеева в Дютькове, Вятского художественного музея имени В.&nbsp;М. и А.&nbsp;М.&nbsp;Васнецовых, Центрального государственного архива города Москвы и частных коллекций.</p><p id="""">Генеральный партнер выставки — Межгосударственная Корпорация Развития.</p><p id="""">‍</p><p id="""">&nbsp;</p><p id=""""><br></p><p id=""""><br></p><p id="""">‍</p>"
Выставка «Тепло дворянских гнезд»,vystavka-teplo-dvoryanskih-gnezd,63e65446fdf813edceb675fe,64992b4336ee1fb6f75e72c8,Mon Jun 26 2023 06:08:03 GMT+0000 (Coordinated Universal Time),Tue Aug 29 2023 12:14:07 GMT+0000 (Coordinated Universal Time),Tue Aug 29 2023 12:14:22 GMT+0000 (Coordinated Universal Time),с 23 июня по 27 августа,false,https://uploads-ssl.webflow.com/63e507244eda1ee9bb4c7ccd/64992b0e47b733f867b82d3b_%D0%A2%D0%B5%D0%BF%D0%BB%D0%BE%20%D0%B4%D0%B2%D0%BE%D1%80%D1%8F%D0%BD%D1%81%D0%BA%D0%B8%D1%85%20%D0%B3%D0%BD%D0%B5%CC%88%D0%B7%D0%B4%202.webp,https://uploads-ssl.webflow.com/63e507244eda1ee9bb4c7ccd/64992b3d47b733f867b9d7a9_Frame%2040307.webp,,"<p>‍</p><p id="""">В год своего 100-летия музей-заповедник «Коломенское» представляет в Музее-заповеднике Петра Ильича Чайковского выставку «Тепло дворянских гнезд». Предметное насыщение выставки отражает традиции повседневной жизни русского дворянства, однако экспозиция знакомит не только с миром дворянского дома, но и с тем, что этот дом обогревало – изразцовыми печами.</p><p id="""">С выходом в свет романа Ивана Сергеевича Тургенева «Дворянское гнездо» это понятие плотно вошло в русский язык, став синонимом усадеб, передаваемых по наследству из поколения в поколение. Собираемые библиотеки и коллекции предметов искусства, парки и усадебное зодчество, стремление владельцев усадеб к красоте и гармонии – всё это наделяло дворянский быт эстетикой и особой теплотой.</p><p id="""">Изразцовые печи были подлинным украшением дворянских домов. В отличие от народной, крестьянской печи, печь в городской или загородной усадьбе – парадный элемент интерьера. Музей-заповедник «Коломенское» обладает одним из лучших в стране собранием печных изразцов. На выставке показаны изразцы XVIII–XIX веков, происходящие из крупных дворянских усадеб и дворца Екатерины II в Коломенском, несохранившегося до наших дней.</p><p id="""">Среди экспонатов выставки:</p><p id="""">– предметы обихода середины XVIII – середины XIX века,</p><p id="""">– русский фарфор середины XIX века,</p><p id="""">– книги с владельческими штампами крупнейших дворянских библиотек,</p><p id="""">– литографии из подносного альбома Сергея Голицына с видами усадьбы Влахернское,</p><p id="""">– печные изразцы XVIII века, происходящие из Екатерининского дворца в Коломенском и дворянских усадеб Кусково графов Шереметьевых Отрада графов Орловых и др.</p><p id="""">&nbsp;</p><p id=""""><br></p><p id=""""><br></p><p id="""">‍</p>"
«Василий Перов. Портрет Николая Рубинштейна»,vystavka-vasiliy-perov-portret-nikolaya-rubinshteyna,63e65446fdf813edceb675fe,641d72f5f46b4935d60183e7,Fri Mar 24 2023 09:52:53 GMT+0000 (Coordinated Universal Time),Mon Jun 26 2023 06:05:52 GMT+0000 (Coordinated Universal Time),Mon Jun 26 2023 06:08:10 GMT+0000 (Coordinated Universal Time),с 24 марта по 20 июня 2023 ,false,https://uploads-ssl.webflow.com/63e507244eda1ee9bb4c7ccd/641d71aabe2e3b2963caf4e1_%D0%A0%D1%83%D0%B1%D0%B8%D0%BD%D1%88%D1%82%D0%B5%D0%B8%CC%86%D0%BD%20(1)%201.webp,https://uploads-ssl.webflow.com/63e507244eda1ee9bb4c7ccd/641d721e6cafd067a6c0409d_%D1%80%D1%83%D0%B1%D0%B8%D0%BD%D1%88%D1%82%D0%B5%D0%B8%CC%86%D0%BD%20(2).webp,Выставка «Василий Перов. Портрет Николая Рубинштейна» — первая в проекте «Выставка одного портрета». ,"<p id=""""><strong id="""">Выставка «Василий Перов. Портрет Николая Рубинштейна»</strong> — первая в проекте «Выставка одного портрета». Его задача — познакомить публику с картинами выдающихся художников, запечатлевших на своих полотнах представителей русского общества, с которыми Чайковский общался, сотрудничал и которые оставили заметный след в его биографии.</p><p id="""">Для открытия этого цикла не случайно выбран портрет Николая Рубинштейна — близкого друга композитора, сыгравшего важную роль в его творческой жизни. Получив от него приглашение преподавать в консерватории, Чайковский переехал в Москву, что имело для него судьбоносное значение: здесь он приобрёл верных друзей, состоялся как композитор, отсюда пошла его слава. По мнению брата Петра Ильича Модеста «в первые годы, без преувеличения, для Чайковского вся Москва — это Рубинштейн», который, оценив масштаб дарования молодого композитора, как организатор и артист делал все возможное, чтобы оказать ему поддержку. «[…] Дружба Н.Г. Рубинштейна и Чайковского ярким светом озарила первое десятилетие консерватории. Москва справедливо гордилась, считая своими этих двух музыкальных гениев», — вспоминал пианист Ростислав Геника.</p><p id="""">Чайковский относился к Рубинштейну — пианисту и дирижеру — как к лучшему интерпретатору своих сочинений. «Позволь тебя поблагодарить за <em id="""">величайшее наслаждение</em>, которое ты дал испытать мне во время исполнения моей сонаты. Это одна из самых чудных минут моей жизни, — писал он Николаю Григорьевичу. — Если б тебя не было в России, то я был бы обречен на вечные искажения… Ты единственный капельмейстер в мире, на которого я могу вполне положиться».</p><p id="""">Выражением истинных чувств Чайковского к своему другу может служить его музыка – написанное к годовщине со дня смерти Рубинштейна трио «Памяти великого художника», в котором, как справедливо отметил критик Кашкин, «чувства, вызываемые этой памятью, выражены композитором с удивительной искренностью и силой» и которое «можно назвать гениальной музыкальной характеристикой Н.Г. Рубинштейна».</p><p id="""">Портрет Николая Рубинштейна был написан Перовым в 1870 году по заказу коллекционера Сергея Михайловича Третьякова, младшего брата основателя Третьяковской галереи. Третьяковы, жившие в Замоскворечье поблизости от Рубинштейнов, дружили с ними с детства. Произведение создавалось почти одновременно с портретом композитора Антона Григорьевича Рубинштейна, старшего брата Николая. Музыкальные предпочтения и исполнительские манеры братьев сильно различались: импульсивный стиль Антона был противоположен творческой манере Николая, сочетавшей в себе, по словам критика Германа Лароша, «античное целомудрие и чувство меры» с «титанической силой». Эти различия нашли отражение и в портретах, созданных Перовым.</p><p id="""">Выставку дополняют материалы из собрания Музея-заповедника П.И. Чайковского, среди которых фотографии и визитная карточка Николая Рубинштейна, программы его концертов, его письмо к Петру Ильичу, первое издание трио для фортепиано, скрипки и виолончели «Памяти великого художника».</p><p id="""">Музей-заповедник П.И. Чайковского благодарит Государственную Третьяковскую галерею за сотрудничество в данном проекте. </p><p id=""""><strong id="""">Организаторы проекта</strong></p><p id="""">Государственный мемориальный музыкальный музей-заповедник П.И. Чайковского:</p><p id="""">И.П. Корнилов, директор</p><p id="""">Т.М. Шаповалова, главный хранитель</p><p id="""">Д.В. Мельниченко, заместитель директора по основной деятельности</p><p id="""">Г.И. Белонович, заместитель директора по научной работе</p><p id="""">Государственная Третьяковская галерея:</p><p id="""">Е.В. Проничева, генеральный директор</p><p id="""">Т.С. Городкова, главный хранитель</p><p id="""">Т.Л. Карпова, заместитель директора по научной работе</p><p id="""">Куратор: Г.И. Белонович</p><p id="""">Рабочая группа: Д.В. Мельниченко, Т.М. Шаповалова, А.Г. Айнбиндер, А.Е. Ушакова</p><p id="""">Художественный проект: В.Ю. Феоктистов</p><p id=""""><strong id="""">Хранитель выставки:</strong> Н.М. Мачавариани </p><p id="""">&nbsp;</p><p id="""">‍</p>"
Женское лицо музея,zhenskoe-lico-muzeya,63e65446fdf813edceb675fe,63e79c75cd367833e6512d43,Sat Feb 11 2023 13:47:33 GMT+0000 (Coordinated Universal Time),Wed Apr 19 2023 09:29:30 GMT+0000 (Coordinated Universal Time),Wed Apr 19 2023 09:31:02 GMT+0000 (Coordinated Universal Time),с 4 октября 2022 по 24 января 2023,false,https://uploads-ssl.webflow.com/63e507244eda1ee9bb4c7ccd/63e79c70f1730536f9eff37a_%D0%92%D1%8B%D1%81%D1%82%D0%B0%D0%B2%D0%BA%D0%B0-2.webp,https://uploads-ssl.webflow.com/63e507244eda1ee9bb4c7ccd/63ece598d33a6c0dffdb2283_%D0%B6%D0%B5%D0%BD%D1%81%D0%BA%D0%BE%D0%B5%20%D0%BB%D0%B8%D1%86%D0%BE.webp,Выставка из фондов Государственного мемориального музыкального музея-заповедника П.И. Чайковского.,"<h4 id="""">Выставка из фондов Государственного мемориального музыкального музея-заповедника П.И. Чайковского.</h4><p id="""">‍</p><p id="""">Женское лицо музея многолико. В одних случаях – это смотрительницы, объясняющие маршрут осмотра экспозиции, в других – экскурсоводы, открывающие новый мир своим рассказом, в третьих – администратор, встречающий нас на входе. Но на выставке речь пойдёт о людях, которые не часто встречаются с посетителями: их основная задача – сохранение и изучение музейных предметов. Научные сотрудники – кто они, чем занимаются? Выставка предлагает через документы, фотографии и артефакты познакомиться с этой профессией и людьми, которые посвятили ей свою жизнь.</p><p id="""">Имя Маргариты Эдуардовны Риттих первое неслучайно. Закончив в 1939 году музыкально-педагогический институт имени Гнесиных, она получила распределение в Клин, в Дом-музей П.И. Чайковского, где сначала работала старшим научным сотрудником, а в 1941 году в тридцатилетнем возрасте стала исполнять обязанности директора. В трудные годы Великой Отечественной войны она не только участвовала в сохранении личных вещей и архива Чайковского, но и в короткий срок после освобождения Клина от фашистов сумела провести реставрацию дома композитора, организовать научные конференции и концерты. На этом поприще Маргарита Эдуардовна была не одна: дочери Ю.Л. Давыдова, внучатые племянницы Чайковского – К.Ю. Давыдова и И.Ю. Соколинская, в составе группы сотрудников музея помогали в сохранении эвакуированных в Удмуртию музейных ценностей. Вернувшись из Воткинска в Клин, они стали ее верными союзниками в подготовке музея к открытию после восстановления мемориальной экспозиции.</p><p id="""">Ксения Юрьевна Давыдова заняла место заведующей архивно-рукописным отделом, а позже исполняла обязанности главного хранителя фондов и заместителя директора по научной работе. Проработав в музее более 30 лет, она внесла заметный вклад в его научно-исследовательскую и просветительскую деятельность, участвовала в подготовке к изданию научных трудов, среди которых «Музыкальное наследие П.И. Чайковского», полное собрание писем композитора, «Воспоминания о Чайковском», организовывала и представляла в разных странах мира выставки музея.Ее старшая сестра Ирина Юрьевна (Георгиевна) Соколинская сотрудничала с музеем с 1939 года, выполнив заказ на изготовление макета личных комнат композитора, который представлен на выставке. С 1946 года работала в штате заведующей отделом иконографии и реликвийно-бытовой обстановки, занималась организацией выставок, в том числе их художественным оформлением, участвовала в работе по подготовке к изданию путеводителя по музею и писем Чайковского.</p><blockquote id="""">В 1966 году обеим сестрам было присвоено звание «Заслуженный работник культуры РСФСР».</blockquote><p id=""""><strong>В послевоенное время на работу в музей пришли Е.М. Орлова, Н.А. Викторова и З.В. Короткова-Левитон.</strong></p><p id="""">Елена Михайловна Орлова была приглашена в музей в 1945 году на должность старшего научного сотрудника, став впоследствии заведующей архивно-рукописным отделом и заместителем директора по научной части. Через год на основе архива музея защитила кандидатскую диссертацию на тему «Романсы Чайковского» и позднее написала монографию о П.И. Чайковском (1980).</p><p>Нина Александровна Викторова работала в музее с 1946 года заведующей отделом научной библиотеки, а в 1970-е годы – главным хранителем фондов. Была составителем нескольких томов писем Чайковского, написала около 30 статей в сборник «Музыкальное наследие Чайковского», изучала библиотеку и литературные интересы композитора, выступала с докладами на научных конференциях.</p><p id="""">В 1948 году на должность директора была приглашена Зинаида Виссарионовна Короткова-Левитон, которая выполняла не только административные функции, но и редактировала нескольких научных изданий музея: «Архив П. И. Чайковского в Доме-музее», «Автографы П. И. Чайковского в архиве дома-музея в Клину. Справочник [вып. 1]», «Записные книжки и дневники» и др.</p><p id="""">Большой вклад в изучение и публикацию творческого наследия Чайковского внесла Полина Ефимовна Вайдман, проработавшая в музее с 1970 года более 40 лет. Именно благодаря ее упорному труду, Чайковский первый из русских композиторов обрёл Тематико-библиографический указатель сочинений. В 2010 году она получила грант Президента Российской Федерации на издание в двух томах переписки П.И. Чайковского и П.И. Юргенсона. Спустя три года по ее инициативе был начат другой масштабный проект – издание Полного Академического собрания сочинений П.И. Чайковского, задача которого – публикация всего творческого наследия композитора без купюр и позднейших вмешательств.</p><p id="""">Полина Ефимовна продолжила дело М.Э. Риттих, своего научного руководителя в годы учебы в Государственном музыкально-педагогическом институте имени Гнесиных и руководителя студенческой практики в музее: спустя годы уже под ее кураторством в музее проходили практику студенты многих музыкальных училищ и консерваторий страны.</p><p id="""">В 1995 году П.Е. Вайдман получила звание «Заслуженный работник культуры РФ», в 2001 году защитила докторскую диссертацию, а в 2016 была удостоена Приза Ассоциации музыкальных критиков Москвы.Выставка – дань памяти и уважения сотрудницам музея, сумевшим своим трудом, научными исследованиями, невзирая на обстоятельства, сохранить и преумножить знания об одном из самых известных композиторов мира.</p><p id="""">‍</p>"
